PSYCH Minor,PSYCH 100,PSYCH 301W,PSYCH.100.11,PSYCH.400.6,,,,,
SOC Minor,SOC 1,SOC.100.15,SOC.400.6,,,,,,
HDFS Minor,HDFS 129,HDFS.100.15,HDFS.400.6,,,,,,
ANTH Minor,ANTH 2N,ANTH 21,ANTH 45N,ANTH.2.9,ANTH.400.6,,,,
BHCP Certificate,PSYCH 270,PSYCH 481,PSYCH 495,2.PSYCH 238*PSYCH 243*PSYCH 404/EDPSY 450*PSYCH 423*PSYCH 470*PSYCH 471*PSYCH 473*PSYCH 474*PSYCH 476*PSYCH 477*PSYCH 478,,,,,
CDPC Certificate,BBH 143,CNED 401,1.CNED 404*RHS 303,1.HLHED 443*CNED 421,1.RHS 301*HDFS 414,1.CNED 416*CNED 420*CNED 423,,,
CD Certificate,1.PSYCH 212*HDFS 129,2.PSYCH 410*PSYCH 412*PSYCH 476,2.EDPSY 14*HDFS 229*PSYCH 221*PSYCH 238*PSYCH 256*PSYCH 413*PSYCH 414*PSYCH 473,,,,,,
CYFS Certificate,BBH 101,1.ENGL 15*CAS 100,1.HDFS 315*HDFS 315Y,HDFS 330,1.PSYCH 100*SOC 1,1.BIOL 141*BISC 4*NUTR 251,1.HDFS 129*HDFS 229*HDFS 239*HDFS 311,1.FIN 108*HDFS 395*HDFS 216,1.PHIL 103*PHIL 103W*HDFS 301
CPPP Certificate,SOC 12,???,???,???,???,,,,
DS Certificate,WMNST 105N,1.WMNST 100*WMNST 106N*WMNST 120*WMNST 245/ENGL 245,2.AFAM 409/SOC 409*AFR 110N*AMST 140Y*ANTH 1*ANTH 45N*ANTH 146*ASIA 100*BBH 302*BBH 315*CAS 271N*CAS 426W*CAS 455*CAS 475*CMLIT 10*CMLIT 153*COMM 205*CRIM 201/SOC 201* CSD 269*FR 139*HDFS 249N*HDFS 250*HDFS 254N*HIST 447*HIST 479*JST 10*OLEAD 410*OLEAD 411*RHS 100*RHS 410*RLST 1*RPTM 120*SOC 35*SOC 119N*SOC 456*SPLED 461*WMNST 100*WMNST 106N*WMNST 120,,,,,,
MS Certificate,ARTH 495,1.AMST 480*ANTH 380*ARTH 409,(6).AED 101S*AED 201W*AED 211*AED 212*AMST 480*AMST 482*ANTH 220*ANTH 380*ANTH 433*ART 409*ART 411*ART 477*ARTH 100*ARTH 409*ARTH 410*ARTSA 301*ARTSA 402W*ARTSA 403*HIST 112*HIST 404*HIST 490*RPTM 300Y*RPTM 334,,,,,,
SGCC Certificate,LA 496,SOC 369,SOC 469,,,,,,
SJ Certificate,SOC 205N,(9).AFAM 101N*AMST 226N*CAS 222N*CAS 271N*CAS 455*CAS 471*CHEM 3*CI 280*CRIMJ 406*CRIMJ 423*CRIMJ 451*CRIMJ 453*EARTH 2*EDTHP 115A*ENGL 135*ENGL 139*ENGL 182C*ENGL 194*ENGL 236N*ENGL 472*HDFS 175N*KINES 341*MGMT 297*MGMT 497*NUTR 175Z*PSYCH 441*RHS 100*SOC 30*SOC 119N*SOC 205N*STS 233Z*STS 245Z*SUST 242N*WMNST 100*WMNST 200*WMNST 116N*WMNST 117,,,,,,,
TS Certificate,PSYCH 100,PSYCH 442,2.KINES 81*KINES 82*NURS 464*PSYCH 243*SOC 13*SOC 409*WMNST 103*WMNST 423,2.CMLIT 143*HIST 121*HIST 130*HIST 173*HIST 444*PLSC 14*PLSC 132*PLSC 155*PLSC 436*PLSC 437*PLSC 439,,,,,
YDSJ Certificate,HDFS 345,2.HDFS 175N*HDFS 239*HDFS 433*PSYCH 412,1.CAS 471*COMM 222N*CRIM 441*ERM 210*HDFS 239*HDFS 301*HDFS 400*HDFS 410*HDFS 411*HDFS 432*PLSC 1*PLSC 291*PLSC 491*PSYCH 231*PSYCH 424*PSYCH 432*PSYCH 441*PSYCH 479*SOC 5,,,,,,
Test Certificate,(3).CNED 420/BIOL 141/CAS 455*KINES 81,(3).BIOL 141/COMM 222N*HIST 173,,,,,,,
